,rank,title,rate
0,1,소년시절의 너,9.39
1,2,브레이크 더 사일런스: 더 무비,9.35
2,3,"그대, 고맙소 : 김호중 생애 첫 팬미팅 무비",9.31
3,4,언더독,9.30
4,5,스파이더맨: 뉴 유니버스,9.20
5,6,톰보이,9.20
6,7,스타 이즈 본,9.18
7,8,제리 맥과이어,9.16
8,9,공범자들,9.10
9,10,타오르는 여인의 초상,9.06
10,11,박하사탕,9.03
11,12,서칭 포 슈가맨,9.03
12,13,미스터트롯: 더 무비,9.03
13,14,남매의 여름밤,9.02
14,15,윤희에게,8.98
15,16,아웃포스트,8.95
16,17,비투스,8.94
17,18,담보,8.85
18,19,너의 이름은.,8.78
19,20,벌새,8.76
20,21,본 투 비 블루,8.73
21,22,마미,8.69
22,23,찬실이는 복도 많지,8.68
23,24,삼진그룹 영어토익반,8.65
24,25,69세,8.63
25,26,라라랜드,8.61
26,27,기생충,8.49
27,28,아무르,8.48
28,29,로렌스 애니웨이 ,8.45
29,30,3:10 투 유마,8.42
30,31,검객,8.37
31,32,주디,8.35
32,33,리스본행 야간열차,8.31
33,34,테넷,8.27
34,35,경계선,8.17
35,36,프란시스 하,8.14
36,37,신문기자,8.10
37,38,위크엔드 인 파리,8.06
38,39,블레이드 러너 2049,7.99
39,40,페이트 스테이 나이트 헤븐즈필 제2장 로스트 버터플라이,7.98
40,41,환상의 빛,7.98
41,42,날씨의 아이,7.97
42,43,라붐,7.93
43,44,21 브릿지: 테러 셧다운,7.92
44,45,다만 악에서 구하소서,7.64
45,46,페이트 스테이 나이트 헤븐즈필 제1장 프레시지 플라워,7.10
46,47,그린랜드,7.05
47,48,기기괴괴 성형수,6.85
48,49,언힌지드,6.67
49,50,디바,6.40
50,1,포드 V 페라리,9.49
51,2,소년시절의 너,9.40
52,3,브레이크 더 사일런스: 더 무비,9.35
53,4,다시 태어나도 우리,9.34
54,5,"그대, 고맙소 : 김호중 생애 첫 팬미팅 무비",9.33
55,6,"미안해요, 리키",9.33
56,7,언더독,9.30
57,8,공동경비구역 JSA,9.27
58,9,우리들,9.26
59,10,피아니스트의 전설,9.25
60,11,스파이더맨: 뉴 유니버스,9.20
61,12,톰보이,9.20
62,13,스타 이즈 본,9.18
63,14,조조 래빗,9.16
64,15,제리 맥과이어,9.16
65,16,나이브스 아웃,9.11
66,17,타오르는 여인의 초상,9.06
67,18,올드보이,9.05
68,19,박하사탕,9.03
69,20,서칭 포 슈가맨,9.03
70,21,인생 후르츠,9.02
71,22,남매의 여름밤,9.02
72,23,미스터트롯: 더 무비,9.01
73,24,윤희에게,8.98
74,25,아웃포스트,8.95
75,26,비투스,8.94
76,27,바르다가 사랑한 얼굴들,8.89
77,28,담보,8.85
78,29,작은 아씨들,8.84
79,30,미드웨이,8.80
80,31,너의 이름은.,8.78
81,32,본 투 비 블루,8.73
82,33,마미,8.69
83,34,찬실이는 복도 많지,8.68
84,35,69세,8.63
85,36,삼진그룹 영어토익반,8.62
86,37,라라랜드,8.61
87,38,잠수종과 나비,8.59
88,39,기생충,8.49
89,40,아무르,8.48
90,41,로렌스 애니웨이 ,8.45
91,42,카페 벨에포크,8.42
92,43,3:10 투 유마,8.42
93,44,복수는 나의 것,8.37
94,45,검객,8.37
95,46,주디,8.35
96,47,리스본행 야간열차,8.31
97,48,테넷,8.27
98,49,경계선,8.17
99,50,야구소녀,8.17
100,1,포드 V 페라리,9.49
101,2,소년시절의 너,9.40
102,3,브레이크 더 사일런스: 더 무비,9.36
103,4,다시 태어나도 우리,9.34
104,5,"그대, 고맙소 : 김호중 생애 첫 팬미팅 무비",9.34
105,6,"미안해요, 리키",9.33
106,7,패왕별희 디 오리지널,9.32
107,8,언더독,9.30
108,9,공동경비구역 JSA,9.27
109,10,우리들,9.26
110,11,피아니스트의 전설,9.25
111,12,스파이더맨: 뉴 유니버스,9.20
112,13,톰보이,9.20
113,14,스타 이즈 본,9.18
114,15,조조 래빗,9.16
115,16,제리 맥과이어,9.16
116,17,나이브스 아웃,9.11
117,18,타오르는 여인의 초상,9.06
118,19,올드보이,9.05
119,20,박하사탕,9.03
120,21,서칭 포 슈가맨,9.03
121,22,인생 후르츠,9.02
122,23,남매의 여름밤,9.02
123,24,온워드: 단 하루의 기적,9.00
124,25,미스터트롯: 더 무비,8.99
125,26,윤희에게,8.98
126,27,아웃포스트,8.95
127,28,비투스,8.94
128,29,담보,8.85
129,30,작은 아씨들,8.84
130,31,아멜리에,8.82
131,32,미드웨이,8.80
132,33,너의 이름은.,8.78
133,34,본 투 비 블루,8.73
134,35,마미,8.69
135,36,찬실이는 복도 많지,8.68
136,37,69세,8.63
137,38,삼진그룹 영어토익반,8.61
138,39,라라랜드,8.61
139,40,잠수종과 나비,8.59
140,41,기생충,8.49
141,42,로렌스 애니웨이 ,8.45
142,43,카페 벨에포크,8.42
143,44,3:10 투 유마,8.42
144,45,복수는 나의 것,8.37
145,46,검객,8.37
146,47,주디,8.35
147,48,리스본행 야간열차,8.31
148,49,테넷,8.27
149,50,경계선,8.17
150,1,포드 V 페라리,9.49
151,2,소년시절의 너,9.40
152,3,브레이크 더 사일런스: 더 무비,9.36
153,4,"그대, 고맙소 : 김호중 생애 첫 팬미팅 무비",9.34
154,5,다시 태어나도 우리,9.34
155,6,"미안해요, 리키",9.33
156,7,패왕별희 디 오리지널,9.32
157,8,언더독,9.30
158,9,공동경비구역 JSA,9.27
159,10,우리들,9.26
160,11,피아니스트의 전설,9.25
161,12,톰보이,9.20
162,13,스타 이즈 본,9.18
163,14,조조 래빗,9.16
164,15,제리 맥과이어,9.16
165,16,나이브스 아웃,9.11
166,17,싸이코,9.10
167,18,타오르는 여인의 초상,9.06
168,19,올드보이,9.05
169,20,박하사탕,9.03
170,21,서칭 포 슈가맨,9.03
171,22,인생 후르츠,9.02
172,23,온워드: 단 하루의 기적,9.00
173,24,남매의 여름밤,9.00
174,25,윤희에게,8.98
175,26,미스터트롯: 더 무비,8.98
176,27,아웃포스트,8.96
177,28,비투스,8.94
178,29,담보,8.85
179,30,작은 아씨들,8.84
180,31,아멜리에,8.82
181,32,미드웨이,8.80
182,33,위플래쉬,8.79
183,34,너의 이름은.,8.78
184,35,본 투 비 블루,8.73
185,36,마미,8.69
186,37,찬실이는 복도 많지,8.68
187,38,69세,8.63
188,39,삼진그룹 영어토익반,8.62
189,40,라라랜드,8.61
190,41,잠수종과 나비,8.59
191,42,기생충,8.49
192,43,로렌스 애니웨이 ,8.45
193,44,카페 벨에포크,8.42
194,45,셔터 아일랜드,8.37
195,46,복수는 나의 것,8.37
196,47,검객,8.37
197,48,주디,8.35
198,49,리스본행 야간열차,8.31
199,50,테넷,8.27
200,1,포드 V 페라리,9.49
201,2,소년시절의 너,9.40
202,3,브레이크 더 사일런스: 더 무비,9.36
203,4,"그대, 고맙소 : 김호중 생애 첫 팬미팅 무비",9.35
204,5,"미안해요, 리키",9.33
205,6,패왕별희 디 오리지널,9.32
206,7,언더독,9.31
207,8,페이트 스테이 나이트 헤븐즈필 III.스프링 송,9.30
208,9,공동경비구역 JSA,9.27
209,10,피아니스트의 전설,9.25
210,11,톰보이,9.20
211,12,스타 이즈 본,9.18
212,13,조조 래빗,9.16
213,14,제리 맥과이어,9.16
214,15,나이브스 아웃,9.11
215,16,싸이코,9.10
216,17,타오르는 여인의 초상,9.06
217,18,올드보이,9.05
218,19,박하사탕,9.03
219,20,서칭 포 슈가맨,9.03
220,21,인생 후르츠,9.02
221,22,온워드: 단 하루의 기적,9.00
222,23,남매의 여름밤,8.99
223,24,윤희에게,8.98
224,25,미스터트롯: 더 무비,8.98
225,26,아웃포스트,8.96
226,27,비투스,8.94
227,28,담보,8.85
228,29,작은 아씨들,8.84
229,30,아멜리에,8.82
230,31,미드웨이,8.80
231,32,위플래쉬,8.79
232,33,너의 이름은.,8.78
233,34,본 투 비 블루,8.73
234,35,찬실이는 복도 많지,8.68
235,36,그을린 사랑,8.67
236,37,69세,8.63
237,38,삼진그룹 영어토익반,8.61
238,39,라라랜드,8.61
239,40,잠수종과 나비,8.59
240,41,기생충,8.49
241,42,로렌스 애니웨이 ,8.44
242,43,카페 벨에포크,8.42
243,44,셔터 아일랜드,8.37
244,45,복수는 나의 것,8.37
245,46,레볼루셔너리 로드,8.37
246,47,검객,8.36
247,48,테넷,8.27
248,49,야구소녀,8.17
249,50,프란시스 하,8.14
250,1,부활: 그 증거,9.66
251,2,포드 V 페라리,9.49
252,3,소년시절의 너,9.40
253,4,"그대, 고맙소 : 김호중 생애 첫 팬미팅 무비",9.37
254,5,브레이크 더 사일런스: 더 무비,9.36
255,6,"미안해요, 리키",9.33
256,7,패왕별희 디 오리지널,9.32
257,8,언더독,9.31
258,9,페이트 스테이 나이트 헤븐즈필 III.스프링 송,9.28
259,10,공동경비구역 JSA,9.27
260,11,피아니스트의 전설,9.25
261,12,톰보이,9.20
262,13,스타 이즈 본,9.18
263,14,조조 래빗,9.16
264,15,제리 맥과이어,9.16
265,16,나이브스 아웃,9.11
266,17,싸이코,9.10
267,18,타오르는 여인의 초상,9.06
268,19,올드보이,9.05
269,20,타샤 튜더,9.04
270,21,박하사탕,9.03
271,22,남매의 여름밤,8.99
272,23,윤희에게,8.98
273,24,미스터트롯: 더 무비,8.95
274,25,아웃포스트,8.94
275,26,비투스,8.94
276,27,담보,8.86
277,28,작은 아씨들,8.84
278,29,아멜리에,8.82
279,30,미드웨이,8.80
280,31,천문: 하늘에 묻는다,8.80
281,32,위플래쉬,8.79
282,33,너의 이름은.,8.78
283,34,본 투 비 블루,8.73
284,35,찬실이는 복도 많지,8.68
285,36,그을린 사랑,8.67
286,37,69세,8.63
287,38,라라랜드,8.61
288,39,잠수종과 나비,8.59
289,40,삼진그룹 영어토익반,8.58
290,41,기생충,8.49
291,42,카페 벨에포크,8.42
292,43,셔터 아일랜드,8.37
293,44,복수는 나의 것,8.37
294,45,레볼루셔너리 로드,8.37
295,46,검객,8.36
296,47,테넷,8.27
297,48,야구소녀,8.17
298,49,프란시스 하,8.14
299,50,블레이드 러너 2049,7.99
300,1,부활: 그 증거,9.58
301,2,포드 V 페라리,9.49
302,3,소년시절의 너,9.40
303,4,"그대, 고맙소 : 김호중 생애 첫 팬미팅 무비",9.38
304,5,"미안해요, 리키",9.33
305,6,패왕별희 디 오리지널,9.32
306,7,언더독,9.31
307,8,공동경비구역 JSA,9.27
308,9,페이트 스테이 나이트 헤븐즈필 III.스프링 송,9.25
309,10,피아니스트의 전설,9.25
310,11,톰보이,9.20
311,12,스타 이즈 본,9.18
312,13,조조 래빗,9.16
313,14,나이브스 아웃,9.11
314,15,싸이코,9.10
315,16,타오르는 여인의 초상,9.06
316,17,올드보이,9.05
317,18,타샤 튜더,9.04
318,19,박하사탕,9.03
319,20,남매의 여름밤,9.00
320,21,아웃포스트,8.94
321,22,비투스,8.94
322,23,미스터트롯: 더 무비,8.93
323,24,담보,8.87
324,25,작은 아씨들,8.84
325,26,아멜리에,8.82
326,27,미드웨이,8.80
327,28,천문: 하늘에 묻는다,8.80
328,29,위플래쉬,8.79
329,30,너의 이름은.,8.78
330,31,본 투 비 블루,8.73
331,32,그을린 사랑,8.67
332,33,69세,8.63
333,34,라라랜드,8.61
334,35,잠수종과 나비,8.59
335,36,삼진그룹 영어토익반,8.57
336,37,기생충,8.49
337,38,카페 벨에포크,8.42
338,39,셔터 아일랜드,8.37
339,40,복수는 나의 것,8.37
340,41,레볼루셔너리 로드,8.37
341,42,검객,8.36
342,43,테넷,8.27
343,44,야구소녀,8.17
344,45,프란시스 하,8.13
345,46,블레이드 러너 2049,7.99
346,47,로미오와 줄리엣,7.98
347,48,날씨의 아이,7.97
348,49,라붐,7.93
349,50,21 브릿지: 테러 셧다운,7.92
350,1,부활: 그 증거,9.59
351,2,포드 V 페라리,9.49
352,3,소년시절의 너,9.40
353,4,"그대, 고맙소 : 김호중 생애 첫 팬미팅 무비",9.39
354,5,"미안해요, 리키",9.33
355,6,패왕별희 디 오리지널,9.32
356,7,공동경비구역 JSA,9.27
357,8,피아니스트의 전설,9.25
358,9,페이트 스테이 나이트 헤븐즈필 III.스프링 송,9.24
359,10,톰보이,9.20
360,11,스타 이즈 본,9.18
361,12,조조 래빗,9.16
362,13,나이브스 아웃,9.11
363,14,타오르는 여인의 초상,9.06
364,15,올드보이,9.05
365,16,타샤 튜더,9.04
366,17,박하사탕,9.03
367,18,남매의 여름밤,9.00
368,19,미스터트롯: 더 무비,8.92
369,20,아웃포스트,8.92
370,21,담보,8.88
371,22,작은 아씨들,8.84
372,23,아멜리에,8.82
373,24,미드웨이,8.80
374,25,위플래쉬,8.79
375,26,너의 이름은.,8.78
376,27,본 투 비 블루,8.73
377,28,그을린 사랑,8.67
378,29,69세,8.63
379,30,라라랜드,8.61
380,31,잠수종과 나비,8.59
381,32,삼진그룹 영어토익반,8.53
382,33,카페 벨에포크,8.42
383,34,셔터 아일랜드,8.37
384,35,복수는 나의 것,8.37
385,36,레볼루셔너리 로드,8.37
386,37,검객,8.36
387,38,테넷,8.27
388,39,야구소녀,8.17
389,40,프란시스 하,8.13
390,41,블레이드 러너 2049,7.99
391,42,로미오와 줄리엣,7.99
392,43,날씨의 아이,7.97
393,44,21 브릿지: 테러 셧다운,7.92
394,45,레버넌트: 죽음에서 돌아온 자,7.84
395,46,도둑들,7.63
396,47,잉투기,7.53
397,48,친절한 금자씨,7.50
398,49,더 보이,7.42
399,50,원더풀 데이즈,7.26
400,1,부활: 그 증거,9.54
401,2,포드 V 페라리,9.49
402,3,"그대, 고맙소 : 김호중 생애 첫 팬미팅 무비",9.40
403,4,소년시절의 너,9.40
404,5,"미안해요, 리키",9.33
405,6,패왕별희 디 오리지널,9.32
406,7,공동경비구역 JSA,9.27
407,8,페이트 스테이 나이트 헤븐즈필 III.스프링 송,9.26
408,9,피아니스트의 전설,9.25
409,10,톰보이,9.20
410,11,스타 이즈 본,9.18
411,12,조조 래빗,9.16
412,13,나이브스 아웃,9.11
413,14,타오르는 여인의 초상,9.06
414,15,올드보이,9.05
415,16,타샤 튜더,9.04
416,17,박하사탕,9.03
417,18,비긴 어게인,9.03
418,19,싱 스트리트,9.02
419,20,남매의 여름밤,9.01
420,21,아웃포스트,8.93
421,22,나의 특별한 형제,8.92
422,23,미스터트롯: 더 무비,8.92
423,24,담보,8.88
424,25,작은 아씨들,8.84
425,26,아멜리에,8.82
426,27,미드웨이,8.80
427,28,위플래쉬,8.79
428,29,너의 이름은.,8.78
429,30,본 투 비 블루,8.73
430,31,그을린 사랑,8.68
431,32,69세,8.63
432,33,라라랜드,8.61
433,34,잠수종과 나비,8.59
434,35,삼진그룹 영어토익반,8.49
435,36,카페 벨에포크,8.42
436,37,셔터 아일랜드,8.37
437,38,복수는 나의 것,8.37
438,39,레볼루셔너리 로드,8.37
439,40,검객,8.37
440,41,암수살인,8.32
441,42,테넷,8.27
442,43,야구소녀,8.17
443,44,프란시스 하,8.13
444,45,로미오와 줄리엣,7.99
445,46,날씨의 아이,7.97
446,47,봉오동 전투,7.94
447,48,21 브릿지: 테러 셧다운,7.92
448,49,레버넌트: 죽음에서 돌아온 자,7.84
449,50,정직한 후보,7.69
450,1,부활: 그 증거,9.52
451,2,포드 V 페라리,9.49
452,3,소년시절의 너,9.39
453,4,"미안해요, 리키",9.33
454,5,패왕별희 디 오리지널,9.32
455,6,공동경비구역 JSA,9.27
456,7,피아니스트의 전설,9.25
457,8,페이트 스테이 나이트 헤븐즈필 III.스프링 송,9.24
458,9,톰보이,9.20
459,10,스타 이즈 본,9.18
460,11,조조 래빗,9.16
461,12,나이브스 아웃,9.11
462,13,타오르는 여인의 초상,9.06
463,14,올드보이,9.05
464,15,타샤 튜더,9.04
465,16,박하사탕,9.03
466,17,비긴 어게인,9.03
467,18,싱 스트리트,9.02
468,19,남매의 여름밤,9.01
469,20,나의 특별한 형제,8.92
470,21,아웃포스트,8.92
471,22,미스터트롯: 더 무비,8.91
472,23,담보,8.88
473,24,1917,8.86
474,25,작은 아씨들,8.84
475,26,아멜리에,8.82
476,27,미드웨이,8.80
477,28,위플래쉬,8.79
478,29,너의 이름은.,8.78
479,30,본 투 비 블루,8.73
480,31,69세,8.63
481,32,라라랜드,8.61
482,33,삼진그룹 영어토익반,8.48
483,34,카페 벨에포크,8.42
484,35,셔터 아일랜드,8.37
485,36,검객,8.37
486,37,복수는 나의 것,8.37
487,38,레볼루셔너리 로드,8.37
488,39,암수살인,8.32
489,40,테넷,8.27
490,41,야구소녀,8.17
491,42,프란시스 하,8.13
492,43,로미오와 줄리엣,7.99
493,44,날씨의 아이,7.97
494,45,봉오동 전투,7.94
495,46,21 브릿지: 테러 셧다운,7.92
496,47,레버넌트: 죽음에서 돌아온 자,7.84
497,48,정직한 후보,7.69
498,49,도둑들,7.63
499,50,잉투기,7.53
500,1,부활: 그 증거,9.52
501,2,포드 V 페라리,9.49
502,3,소년시절의 너,9.39
503,4,"미안해요, 리키",9.33
504,5,패왕별희 디 오리지널,9.32
505,6,공동경비구역 JSA,9.27
506,7,페이트 스테이 나이트 헤븐즈필 III.스프링 송,9.25
507,8,피아니스트의 전설,9.25
508,9,톰보이,9.20
509,10,스타 이즈 본,9.18
510,11,조조 래빗,9.16
511,12,나이브스 아웃,9.11
512,13,타오르는 여인의 초상,9.06
513,14,노트북,9.05
514,15,올드보이,9.05
515,16,타샤 튜더,9.04
516,17,박하사탕,9.03
517,18,비긴 어게인,9.03
518,19,싱 스트리트,9.02
519,20,남매의 여름밤,9.01
520,21,나의 특별한 형제,8.92
521,22,미스터트롯: 더 무비,8.91
522,23,아웃포스트,8.90
523,24,담보,8.88
524,25,1917,8.86
525,26,작은 아씨들,8.84
526,27,아멜리에,8.82
527,28,미드웨이,8.80
528,29,위플래쉬,8.79
529,30,너의 이름은.,8.78
530,31,69세,8.63
531,32,라라랜드,8.61
532,33,삼진그룹 영어토익반,8.48
533,34,카페 벨에포크,8.42
534,35,셔터 아일랜드,8.37
535,36,복수는 나의 것,8.37
536,37,검객,8.37
537,38,레볼루셔너리 로드,8.37
538,39,암수살인,8.32
539,40,테넷,8.27
540,41,야구소녀,8.18
541,42,프란시스 하,8.13
542,43,로미오와 줄리엣,7.99
543,44,날씨의 아이,7.97
544,45,21 브릿지: 테러 셧다운,7.92
545,46,레버넌트: 죽음에서 돌아온 자,7.84
546,47,정직한 후보,7.69
547,48,도둑들,7.63
548,49,잉투기,7.53
549,50,친절한 금자씨,7.50
550,1,부활: 그 증거,9.52
551,2,포드 V 페라리,9.49
552,3,소년시절의 너,9.39
553,4,죽은 시인의 사회,9.37
554,5,"미안해요, 리키",9.33
555,6,시네마 천국,9.32
556,7,패왕별희 디 오리지널,9.32
557,8,폴란드로 간 아이들,9.31
558,9,공동경비구역 JSA,9.27
559,10,피아니스트의 전설,9.25
560,11,페이트 스테이 나이트 헤븐즈필 III.스프링 송,9.24
561,12,톰보이,9.20
562,13,스타 이즈 본,9.18
563,14,조조 래빗,9.16
564,15,나이브스 아웃,9.11
565,16,타오르는 여인의 초상,9.06
566,17,노트북,9.05
567,18,올드보이,9.05
568,19,타샤 튜더,9.04
569,20,박하사탕,9.03
570,21,남매의 여름밤,9.01
571,22,온워드: 단 하루의 기적,8.99
572,23,극장판 짱구는 못말려: 신혼여행 허리케인~ 사라진 아빠!,8.98
573,24,미스터트롯: 더 무비,8.91
574,25,아웃포스트,8.89
575,26,담보,8.88
576,27,1917,8.86
577,28,작은 아씨들,8.84
578,29,아멜리에,8.82
579,30,미드웨이,8.80
580,31,위플래쉬,8.79
581,32,너의 이름은.,8.78
582,33,도그빌,8.76
583,34,베스트 오퍼,8.65
584,35,69세,8.63
585,36,라라랜드,8.61
586,37,삼진그룹 영어토익반,8.48
587,38,카페 벨에포크,8.42
588,39,셔터 아일랜드,8.37
589,40,레볼루셔너리 로드,8.37
590,41,복수는 나의 것,8.36
591,42,검객,8.35
592,43,테넷,8.27
593,44,콜드 워,8.27
594,45,야구소녀,8.18
595,46,프란시스 하,8.13
596,47,드라이브,8.07
597,48,더 테이블,7.99
598,49,로미오와 줄리엣,7.99
599,50,날씨의 아이,7.97
600,1,부활: 그 증거,9.55
601,2,포드 V 페라리,9.49
602,3,소년시절의 너,9.40
603,4,죽은 시인의 사회,9.37
604,5,"미안해요, 리키",9.33
605,6,시네마 천국,9.32
606,7,패왕별희 디 오리지널,9.31
607,8,폴란드로 간 아이들,9.31
608,9,"나, 다니엘 블레이크",9.28
609,10,공동경비구역 JSA,9.27
610,11,피아니스트의 전설,9.25
611,12,페이트 스테이 나이트 헤븐즈필 III.스프링 송,9.22
612,13,톰보이,9.20
613,14,스타 이즈 본,9.18
614,15,조조 래빗,9.16
615,16,나이브스 아웃,9.11
616,17,타오르는 여인의 초상,9.06
617,18,노트북,9.05
618,19,올드보이,9.05
619,20,타샤 튜더,9.04
620,21,박하사탕,9.03
621,22,남매의 여름밤,9.00
622,23,온워드: 단 하루의 기적,8.99
623,24,극장판 짱구는 못말려: 신혼여행 허리케인~ 사라진 아빠!,8.98
624,25,미스터트롯: 더 무비,8.90
625,26,아웃포스트,8.89
626,27,담보,8.88
627,28,거인,8.87
628,29,1917,8.86
629,30,작은 아씨들,8.84
630,31,아멜리에,8.82
631,32,미드웨이,8.80
632,33,위플래쉬,8.79
633,34,너의 이름은.,8.78
634,35,도그빌,8.76
635,36,그을린 사랑,8.67
636,37,69세,8.63
637,38,라라랜드,8.61
638,39,삼진그룹 영어토익반,8.47
639,40,카페 벨에포크,8.42
640,41,셔터 아일랜드,8.37
641,42,레볼루셔너리 로드,8.37
642,43,복수는 나의 것,8.36
643,44,검객,8.30
644,45,테넷,8.27
645,46,콜드 워,8.27
646,47,야구소녀,8.19
647,48,프란시스 하,8.13
648,49,드라이브,8.07
649,50,더 테이블,7.99
650,1,그린 북,9.59
651,2,부활: 그 증거,9.53
652,3,포드 V 페라리,9.49
653,4,소년시절의 너,9.40
654,5,죽은 시인의 사회,9.37
655,6,"미안해요, 리키",9.34
656,7,시네마 천국,9.32
657,8,패왕별희 디 오리지널,9.31
658,9,폴란드로 간 아이들,9.31
659,10,"나, 다니엘 블레이크",9.28
660,11,공동경비구역 JSA,9.27
661,12,피아니스트의 전설,9.25
662,13,톰보이,9.20
663,14,페이트 스테이 나이트 헤븐즈필 III.스프링 송,9.19
664,15,스타 이즈 본,9.18
665,16,조조 래빗,9.16
666,17,나이브스 아웃,9.11
667,18,타오르는 여인의 초상,9.06
668,19,노트북,9.05
669,20,올드보이,9.05
670,21,타샤 튜더,9.04
671,22,박하사탕,9.03
672,23,남매의 여름밤,9.00
673,24,온워드: 단 하루의 기적,8.99
674,25,극장판 짱구는 못말려: 신혼여행 허리케인~ 사라진 아빠!,8.98
675,26,미스터트롯: 더 무비,8.90
676,27,아웃포스트,8.90
677,28,담보,8.88
678,29,거인,8.87
679,30,1917,8.86
680,31,작은 아씨들,8.84
681,32,아멜리에,8.82
682,33,미드웨이,8.80
683,34,위플래쉬,8.79
684,35,너의 이름은.,8.78
685,36,도그빌,8.76
686,37,그을린 사랑,8.67
687,38,베스트 오퍼,8.65
688,39,69세,8.63
689,40,라라랜드,8.61
690,41,삼진그룹 영어토익반,8.47
691,42,카페 벨에포크,8.42
692,43,셔터 아일랜드,8.37
693,44,레볼루셔너리 로드,8.37
694,45,복수는 나의 것,8.37
695,46,검객,8.27
696,47,테넷,8.27
697,48,콜드 워,8.27
698,49,야구소녀,8.19
699,50,프란시스 하,8.13
700,1,부활: 그 증거,9.53
701,2,포드 V 페라리,9.49
702,3,소년시절의 너,9.40
703,4,죽은 시인의 사회,9.37
704,5,"미안해요, 리키",9.34
705,6,시네마 천국,9.32
706,7,패왕별희 디 오리지널,9.32
707,8,폴란드로 간 아이들,9.31
708,9,"나, 다니엘 블레이크",9.28
709,10,공동경비구역 JSA,9.27
710,11,피아니스트의 전설,9.25
711,12,톰보이,9.20
712,13,페이트 스테이 나이트 헤븐즈필 III.스프링 송,9.16
713,14,조조 래빗,9.16
714,15,나이브스 아웃,9.11
715,16,타오르는 여인의 초상,9.06
716,17,노트북,9.05
717,18,올드보이,9.05
718,19,타샤 튜더,9.04
719,20,박하사탕,9.03
720,21,남매의 여름밤,9.00
721,22,온워드: 단 하루의 기적,8.99
722,23,극장판 짱구는 못말려: 신혼여행 허리케인~ 사라진 아빠!,8.98
723,24,아웃포스트,8.90
724,25,미스터트롯: 더 무비,8.89
725,26,담보,8.88
726,27,거인,8.87
727,28,1917,8.86
728,29,작은 아씨들,8.84
729,30,아멜리에,8.82
730,31,미드웨이,8.80
731,32,위플래쉬,8.79
732,33,너의 이름은.,8.78
733,34,"가장 따뜻한 색, 블루",8.77
734,35,도그빌,8.76
735,36,그을린 사랑,8.67
736,37,베스트 오퍼,8.65
737,38,69세,8.63
738,39,라라랜드,8.61
739,40,족구왕,8.54
740,41,삼진그룹 영어토익반,8.48
741,42,로렌스 애니웨이 ,8.44
742,43,카페 벨에포크,8.42
743,44,셔터 아일랜드,8.37
744,45,레볼루셔너리 로드,8.37
745,46,복수는 나의 것,8.37
746,47,메기,8.29
747,48,테넷,8.27
748,49,콜드 워,8.27
749,50,검객,8.25
750,1,부활: 그 증거,9.53
751,2,포드 V 페라리,9.49
752,3,소년시절의 너,9.40
753,4,죽은 시인의 사회,9.37
754,5,"미안해요, 리키",9.34
755,6,시네마 천국,9.32
756,7,패왕별희 디 오리지널,9.32
757,8,폴란드로 간 아이들,9.31
758,9,공동경비구역 JSA,9.27
759,10,피아니스트의 전설,9.25
760,11,톰보이,9.20
761,12,페이트 스테이 나이트 헤븐즈필 III.스프링 송,9.17
762,13,조조 래빗,9.16
763,14,나이브스 아웃,9.11
764,15,타오르는 여인의 초상,9.06
765,16,노트북,9.05
766,17,올드보이,9.05
767,18,타샤 튜더,9.04
768,19,박하사탕,9.03
769,20,남매의 여름밤,9.00
770,21,온워드: 단 하루의 기적,8.99
771,22,윤희에게,8.98
772,23,아웃포스트,8.91
773,24,미스터트롯: 더 무비,8.88
774,25,담보,8.88
775,26,거인,8.87
776,27,1917,8.86
777,28,작은 아씨들,8.84
778,29,아멜리에,8.82
779,30,미드웨이,8.80
780,31,위플래쉬,8.79
781,32,너의 이름은.,8.78
782,33,"가장 따뜻한 색, 블루",8.77
783,34,도그빌,8.76
784,35,그을린 사랑,8.67
785,36,베스트 오퍼,8.65
786,37,69세,8.63
787,38,라라랜드,8.61
788,39,족구왕,8.54
789,40,삼진그룹 영어토익반,8.48
790,41,로렌스 애니웨이 ,8.44
791,42,카페 벨에포크,8.42
792,43,셔터 아일랜드,8.37
793,44,레볼루셔너리 로드,8.37
794,45,복수는 나의 것,8.37
795,46,메기,8.29
796,47,테넷,8.27
797,48,검객,8.21
798,49,야구소녀,8.19
799,50,프란시스 하,8.13
800,1,부활: 그 증거,9.56
801,2,포드 V 페라리,9.49
802,3,소년시절의 너,9.40
803,4,죽은 시인의 사회,9.37
804,5,"미안해요, 리키",9.34
805,6,시네마 천국,9.32
806,7,패왕별희 디 오리지널,9.32
807,8,폴란드로 간 아이들,9.31
808,9,공동경비구역 JSA,9.27
809,10,피아니스트의 전설,9.25
810,11,어느 가족,9.20
811,12,톰보이,9.20
812,13,페이트 스테이 나이트 헤븐즈필 III.스프링 송,9.17
813,14,조조 래빗,9.16
814,15,나이브스 아웃,9.11
815,16,타오르는 여인의 초상,9.06
816,17,노트북,9.05
817,18,올드보이,9.05
818,19,박하사탕,9.03
819,20,남매의 여름밤,8.99
820,21,온워드: 단 하루의 기적,8.99
821,22,윤희에게,8.98
822,23,극장판 짱구는 못말려: 신혼여행 허리케인~ 사라진 아빠!,8.98
823,24,아웃포스트,8.90
824,25,배심원들,8.89
825,26,담보,8.88
826,27,미스터트롯: 더 무비,8.88
827,28,거인,8.87
828,29,1917,8.86
829,30,작은 아씨들,8.84
830,31,아멜리에,8.82
831,32,미드웨이,8.80
832,33,위플래쉬,8.79
833,34,너의 이름은.,8.78
834,35,"가장 따뜻한 색, 블루",8.77
835,36,도그빌,8.76
836,37,베스트 오퍼,8.65
837,38,플로리다 프로젝트,8.64
838,39,69세,8.63
839,40,라라랜드,8.61
840,41,족구왕,8.54
841,42,삼진그룹 영어토익반,8.47
842,43,로렌스 애니웨이 ,8.44
843,44,카페 벨에포크,8.42
844,45,셔터 아일랜드,8.37
845,46,레볼루셔너리 로드,8.37
846,47,복수는 나의 것,8.37
847,48,메기,8.29
848,49,테넷,8.27
849,50,야구소녀,8.19
850,1,부활: 그 증거,9.51
851,2,포드 V 페라리,9.49
852,3,소년시절의 너,9.40
853,4,죽은 시인의 사회,9.37
854,5,"미안해요, 리키",9.34
855,6,시네마 천국,9.32
856,7,패왕별희 디 오리지널,9.32
857,8,폴란드로 간 아이들,9.31
858,9,공동경비구역 JSA,9.27
859,10,피아니스트의 전설,9.25
860,11,어느 가족,9.20
861,12,톰보이,9.20
862,13,페이트 스테이 나이트 헤븐즈필 III.스프링 송,9.17
863,14,조조 래빗,9.16
864,15,나이브스 아웃,9.11
865,16,타오르는 여인의 초상,9.06
866,17,노트북,9.05
867,18,올드보이,9.05
868,19,박하사탕,9.03
869,20,온워드: 단 하루의 기적,8.99
870,21,남매의 여름밤,8.99
871,22,윤희에게,8.98
872,23,극장판 짱구는 못말려: 신혼여행 허리케인~ 사라진 아빠!,8.98
873,24,배심원들,8.89
874,25,담보,8.88
875,26,거인,8.87
876,27,1917,8.86
877,28,미스터트롯: 더 무비,8.86
878,29,작은 아씨들,8.84
879,30,아멜리에,8.82
880,31,미드웨이,8.80
881,32,위플래쉬,8.79
882,33,너의 이름은.,8.78
883,34,"가장 따뜻한 색, 블루",8.77
884,35,도그빌,8.76
885,36,벌새,8.76
886,37,베스트 오퍼,8.65
887,38,플로리다 프로젝트,8.64
888,39,69세,8.63
889,40,라라랜드,8.61
890,41,킹덤 오브 헤븐: 디렉터스 컷,8.58
891,42,족구왕,8.54
892,43,삼진그룹 영어토익반,8.47
893,44,로렌스 애니웨이 ,8.44
894,45,카페 벨에포크,8.42
895,46,셔터 아일랜드,8.37
896,47,레볼루셔너리 로드,8.37
897,48,복수는 나의 것,8.37
898,49,밤쉘: 세상을 바꾼 폭탄선언,8.35
899,50,메기,8.29
900,1,부활: 그 증거,9.51
901,2,포드 V 페라리,9.49
902,3,소년시절의 너,9.40
903,4,"미안해요, 리키",9.34
904,5,시네마 천국,9.32
905,6,패왕별희 디 오리지널,9.32
906,7,폴란드로 간 아이들,9.31
907,8,공동경비구역 JSA,9.27
908,9,피아니스트의 전설,9.25
909,10,어느 가족,9.20
910,11,톰보이,9.20
911,12,페이트 스테이 나이트 헤븐즈필 III.스프링 송,9.18
912,13,조조 래빗,9.16
913,14,나이브스 아웃,9.11
914,15,타오르는 여인의 초상,9.06
915,16,노트북,9.05
916,17,올드보이,9.05
917,18,박하사탕,9.03
918,19,온워드: 단 하루의 기적,8.99
919,20,남매의 여름밤,8.99
920,21,윤희에게,8.98
921,22,극장판 짱구는 못말려: 신혼여행 허리케인~ 사라진 아빠!,8.98
922,23,배심원들,8.89
923,24,담보,8.89
924,25,거인,8.87
925,26,1917,8.86
926,27,미스터트롯: 더 무비,8.86
927,28,작은 아씨들,8.84
928,29,아멜리에,8.82
929,30,미드웨이,8.80
930,31,위플래쉬,8.79
931,32,너의 이름은.,8.78
932,33,"가장 따뜻한 색, 블루",8.77
933,34,위로공단,8.76
934,35,도그빌,8.76
935,36,벌새,8.76
936,37,그을린 사랑,8.68
937,38,플로리다 프로젝트,8.64
938,39,69세,8.63
939,40,라라랜드,8.61
940,41,킹덤 오브 헤븐: 디렉터스 컷,8.58
941,42,족구왕,8.54
942,43,삼진그룹 영어토익반,8.47
943,44,로렌스 애니웨이 ,8.44
944,45,카페 벨에포크,8.42
945,46,셔터 아일랜드,8.37
946,47,레볼루셔너리 로드,8.37
947,48,복수는 나의 것,8.37
948,49,밤쉘: 세상을 바꾼 폭탄선언,8.35
949,50,메기,8.29
950,1,부활: 그 증거,9.51
951,2,포드 V 페라리,9.49
952,3,소년시절의 너,9.40
953,4,"미안해요, 리키",9.34
954,5,패왕별희 디 오리지널,9.32
955,6,폴란드로 간 아이들,9.31
956,7,공동경비구역 JSA,9.27
957,8,피아니스트의 전설,9.25
958,9,어느 가족,9.20
959,10,톰보이,9.20
960,11,페이트 스테이 나이트 헤븐즈필 III.스프링 송,9.18
961,12,조조 래빗,9.16
962,13,나이브스 아웃,9.11
963,14,타오르는 여인의 초상,9.06
964,15,노트북,9.05
965,16,올드보이,9.05
966,17,박하사탕,9.03
967,18,온워드: 단 하루의 기적,8.99
968,19,남매의 여름밤,8.99
969,20,극장판 짱구는 못말려: 신혼여행 허리케인~ 사라진 아빠!,8.98
970,21,윤희에게,8.98
971,22,담보,8.89
972,23,1917,8.86
973,24,미스터트롯: 더 무비,8.86
974,25,작은 아씨들,8.84
975,26,아멜리에,8.82
976,27,미드웨이,8.80
977,28,위플래쉬,8.79
978,29,너의 이름은.,8.78
979,30,"가장 따뜻한 색, 블루",8.77
980,31,위로공단,8.76
981,32,도그빌,8.76
982,33,벌새,8.76
983,34,그을린 사랑,8.68
984,35,플로리다 프로젝트,8.64
985,36,69세,8.63
986,37,라라랜드,8.61
987,38,킹덤 오브 헤븐: 디렉터스 컷,8.58
988,39,족구왕,8.54
989,40,내가 죽던 날,8.48
990,41,삼진그룹 영어토익반,8.46
991,42,로렌스 애니웨이 ,8.44
992,43,카페 벨에포크,8.42
993,44,셔터 아일랜드,8.37
994,45,레볼루셔너리 로드,8.37
995,46,복수는 나의 것,8.37
996,47,메기,8.29
997,48,테넷,8.27
998,49,야구소녀,8.19
999,50,검객,8.14
1000,1,부활: 그 증거,9.51
1001,2,포드 V 페라리,9.49
1002,3,소년시절의 너,9.40
1003,4,"미안해요, 리키",9.34
1004,5,패왕별희 디 오리지널,9.31
1005,6,폴란드로 간 아이들,9.31
1006,7,공동경비구역 JSA,9.27
1007,8,피아니스트의 전설,9.25
1008,9,어느 가족,9.20
1009,10,톰보이,9.20
1010,11,조조 래빗,9.16
1011,12,페이트 스테이 나이트 헤븐즈필 III.스프링 송,9.15
1012,13,나이브스 아웃,9.10
1013,14,타오르는 여인의 초상,9.06
1014,15,노트북,9.05
1015,16,올드보이,9.05
1016,17,박하사탕,9.03
1017,18,온워드: 단 하루의 기적,8.99
1018,19,남매의 여름밤,8.99
1019,20,극장판 짱구는 못말려: 신혼여행 허리케인~ 사라진 아빠!,8.98
1020,21,윤희에게,8.98
1021,22,담보,8.89
1022,23,1917,8.86
1023,24,미스터트롯: 더 무비,8.86
1024,25,작은 아씨들,8.84
1025,26,아멜리에,8.82
1026,27,미드웨이,8.80
1027,28,위플래쉬,8.79
1028,29,너의 이름은.,8.78
1029,30,"가장 따뜻한 색, 블루",8.77
1030,31,위로공단,8.76
1031,32,도그빌,8.76
1032,33,벌새,8.76
1033,34,그을린 사랑,8.68
1034,35,플로리다 프로젝트,8.64
1035,36,69세,8.63
1036,37,라라랜드,8.61
1037,38,킹덤 오브 헤븐: 디렉터스 컷,8.58
1038,39,족구왕,8.54
1039,40,렛 미 인,8.52
1040,41,삼진그룹 영어토익반,8.45
1041,42,로렌스 애니웨이 ,8.44
1042,43,카페 벨에포크,8.42
1043,44,셔터 아일랜드,8.37
1044,45,레볼루셔너리 로드,8.37
1045,46,복수는 나의 것,8.37
1046,47,메기,8.29
1047,48,내가 죽던 날,8.28
1048,49,테넷,8.27
1049,50,야구소녀,8.19
1050,1,극장판 바이올렛 에버가든,9.65
1051,2,부활: 그 증거,9.52
1052,3,포드 V 페라리,9.49
1053,4,소년시절의 너,9.40
1054,5,죽은 시인의 사회,9.37
1055,6,"미안해요, 리키",9.34
1056,7,시네마 천국,9.32
1057,8,패왕별희 디 오리지널,9.31
1058,9,폴란드로 간 아이들,9.31
1059,10,공동경비구역 JSA,9.27
1060,11,피아니스트의 전설,9.25
1061,12,어느 가족,9.20
1062,13,톰보이,9.20
1063,14,조조 래빗,9.16
1064,15,페이트 스테이 나이트 헤븐즈필 III.스프링 송,9.16
1065,16,나이브스 아웃,9.11
1066,17,타오르는 여인의 초상,9.06
1067,18,노트북,9.05
1068,19,올드보이,9.05
1069,20,박하사탕,9.03
1070,21,온워드: 단 하루의 기적,8.99
1071,22,남매의 여름밤,8.99
1072,23,극장판 짱구는 못말려: 신혼여행 허리케인~ 사라진 아빠!,8.98
1073,24,윤희에게,8.98
1074,25,담보,8.89
1075,26,1917,8.86
1076,27,미스터트롯: 더 무비,8.85
1077,28,작은 아씨들,8.84
1078,29,미드웨이,8.80
1079,30,위플래쉬,8.79
1080,31,너의 이름은.,8.78
1081,32,"가장 따뜻한 색, 블루",8.77
1082,33,위로공단,8.76
1083,34,도그빌,8.76
1084,35,벌새,8.76
1085,36,그을린 사랑,8.68
1086,37,베스트 오퍼,8.65
1087,38,플로리다 프로젝트,8.64
1088,39,69세,8.63
1089,40,라라랜드,8.61
1090,41,킹덤 오브 헤븐: 디렉터스 컷,8.58
1091,42,족구왕,8.54
1092,43,렛 미 인,8.52
1093,44,삼진그룹 영어토익반,8.46
1094,45,로렌스 애니웨이 ,8.44
1095,46,카페 벨에포크,8.42
1096,47,셔터 아일랜드,8.37
1097,48,레볼루셔너리 로드,8.37
1098,49,복수는 나의 것,8.37
1099,50,메기,8.29
1100,1,극장판 바이올렛 에버가든,9.65
1101,2,부활: 그 증거,9.52
1102,3,포드 V 페라리,9.49
1103,4,소년시절의 너,9.39
1104,5,죽은 시인의 사회,9.37
1105,6,"미안해요, 리키",9.34
1106,7,시네마 천국,9.32
1107,8,패왕별희 디 오리지널,9.32
1108,9,폴란드로 간 아이들,9.31
1109,10,공동경비구역 JSA,9.27
1110,11,피아니스트의 전설,9.25
1111,12,톰보이,9.20
1112,13,페이트 스테이 나이트 헤븐즈필 III.스프링 송,9.17
1113,14,조조 래빗,9.16
1114,15,나이브스 아웃,9.11
1115,16,타오르는 여인의 초상,9.06
1116,17,노트북,9.05
1117,18,올드보이,9.05
1118,19,박하사탕,9.03
1119,20,남매의 여름밤,8.99
1120,21,윤희에게,8.98
1121,22,담보,8.89
1122,23,미스터트롯: 더 무비,8.85
1123,24,작은 아씨들,8.84
1124,25,미드웨이,8.80
1125,26,위플래쉬,8.79
1126,27,너의 이름은.,8.78
1127,28,"가장 따뜻한 색, 블루",8.77
1128,29,위로공단,8.76
1129,30,그을린 사랑,8.68
1130,31,베스트 오퍼,8.65
1131,32,69세,8.63
1132,33,라라랜드,8.61
1133,34,킹덤 오브 헤븐: 디렉터스 컷,8.58
1134,35,족구왕,8.54
1135,36,렛 미 인,8.52
1136,37,삼진그룹 영어토익반,8.46
1137,38,로렌스 애니웨이 ,8.44
1138,39,카페 벨에포크,8.42
1139,40,셔터 아일랜드,8.37
1140,41,레볼루셔너리 로드,8.37
1141,42,복수는 나의 것,8.37
1142,43,미성년,8.35
1143,44,메기,8.29
1144,45,테넷,8.27
1145,46,야구소녀,8.19
1146,47,내가 죽던 날,8.13
1147,48,프란시스 하,8.13
1148,49,검객,8.11
1149,50,드라이브,8.07
1150,1,극장판 바이올렛 에버가든,9.66
1151,2,부활: 그 증거,9.53
1152,3,원더,9.50
1153,4,포드 V 페라리,9.49
1154,5,소년시절의 너,9.39
1155,6,죽은 시인의 사회,9.37
1156,7,"미안해요, 리키",9.32
1157,8,시네마 천국,9.32
1158,9,패왕별희 디 오리지널,9.32
1159,10,폴란드로 간 아이들,9.31
1160,11,공동경비구역 JSA,9.27
1161,12,우리들,9.26
1162,13,피아니스트의 전설,9.25
1163,14,어느 가족,9.20
1164,15,톰보이,9.20
1165,16,페이트 스테이 나이트 헤븐즈필 III.스프링 송,9.18
1166,17,조조 래빗,9.16
1167,18,나이브스 아웃,9.11
1168,19,타오르는 여인의 초상,9.06
1169,20,노트북,9.05
1170,21,올드보이,9.05
1171,22,타샤 튜더,9.04
1172,23,박하사탕,9.03
1173,24,온워드: 단 하루의 기적,8.99
1174,25,남매의 여름밤,8.99
1175,26,윤희에게,8.98
1176,27,담보,8.89
1177,28,1917,8.86
1178,29,미스터트롯: 더 무비,8.85
1179,30,작은 아씨들,8.84
1180,31,미드웨이,8.80
1181,32,위플래쉬,8.79
1182,33,너의 이름은.,8.78
1183,34,"가장 따뜻한 색, 블루",8.77
1184,35,위로공단,8.76
1185,36,벌새,8.76
1186,37,베스트 오퍼,8.65
1187,38,플로리다 프로젝트,8.63
1188,39,69세,8.63
1189,40,퐁네프의 연인들,8.62
1190,41,라라랜드,8.61
1191,42,킹덤 오브 헤븐: 디렉터스 컷,8.58
1192,43,족구왕,8.54
1193,44,렛 미 인,8.52
1194,45,삼진그룹 영어토익반,8.46
1195,46,로렌스 애니웨이 ,8.44
1196,47,레토,8.44
1197,48,카페 벨에포크,8.42
1198,49,셔터 아일랜드,8.37
1199,50,레볼루셔너리 로드,8.37
1200,1,극장판 바이올렛 에버가든,9.65
1201,2,부활: 그 증거,9.53
1202,3,원더,9.50
1203,4,포드 V 페라리,9.49
1204,5,소년시절의 너,9.40
1205,6,죽은 시인의 사회,9.37
1206,7,"미안해요, 리키",9.32
1207,8,시네마 천국,9.32
1208,9,패왕별희 디 오리지널,9.32
1209,10,폴란드로 간 아이들,9.31
1210,11,공동경비구역 JSA,9.27
1211,12,우리들,9.26
1212,13,피아니스트의 전설,9.25
1213,14,어느 가족,9.20
1214,15,톰보이,9.20
1215,16,페이트 스테이 나이트 헤븐즈필 III.스프링 송,9.18
1216,17,조조 래빗,9.16
1217,18,칠곡 가시나들,9.14
1218,19,나이브스 아웃,9.11
1219,20,타오르는 여인의 초상,9.06
1220,21,노트북,9.05
1221,22,올드보이,9.05
1222,23,타샤 튜더,9.04
1223,24,박하사탕,9.03
1224,25,남매의 여름밤,8.99
1225,26,윤희에게,8.98
1226,27,담보,8.89
1227,28,바르다가 사랑한 얼굴들,8.89
1228,29,1917,8.86
1229,30,미스터트롯: 더 무비,8.85
1230,31,작은 아씨들,8.84
1231,32,미드웨이,8.80
1232,33,위플래쉬,8.79
1233,34,너의 이름은.,8.78
1234,35,소공녀,8.77
1235,36,"가장 따뜻한 색, 블루",8.77
1236,37,위로공단,8.76
1237,38,벌새,8.76
1238,39,귀여운 여인,8.70
1239,40,베스트 오퍼,8.65
1240,41,플로리다 프로젝트,8.63
1241,42,69세,8.63
1242,43,퐁네프의 연인들,8.62
1243,44,오두막,8.61
1244,45,라라랜드,8.61
1245,46,킹덤 오브 헤븐: 디렉터스 컷,8.59
1246,47,족구왕,8.54
1247,48,렛 미 인,8.52
1248,49,삼진그룹 영어토익반,8.47
1249,50,레토,8.44
1250,1,극장판 바이올렛 에버가든,9.61
1251,2,부활: 그 증거,9.52
1252,3,원더,9.50
1253,4,포드 V 페라리,9.49
1254,5,주전장,9.48
1255,6,소년시절의 너,9.40
1256,7,죽은 시인의 사회,9.37
1257,8,"미안해요, 리키",9.32
1258,9,시네마 천국,9.32
1259,10,패왕별희 디 오리지널,9.32
1260,11,폴란드로 간 아이들,9.31
1261,12,허스토리,9.29
1262,13,자백,9.29
1263,14,인생,9.27
1264,15,공동경비구역 JSA,9.27
1265,16,우리들,9.26
1266,17,피아니스트의 전설,9.25
1267,18,어느 가족,9.20
1268,19,톰보이,9.20
1269,20,파수꾼,9.18
1270,21,페이트 스테이 나이트 헤븐즈필 III.스프링 송,9.18
1271,22,조조 래빗,9.16
1272,23,사랑의 블랙홀,9.15
1273,24,칠곡 가시나들,9.14
1274,25,나이브스 아웃,9.11
1275,26,타오르는 여인의 초상,9.06
1276,27,당신이 잠든 사이에,9.06
1277,28,노트북,9.05
1278,29,올드보이,9.05
1279,30,타샤 튜더,9.04
1280,31,박하사탕,9.03
1281,32,세상을 바꾼 변호인,9.03
1282,33,남매의 여름밤,8.99
1283,34,윤희에게,8.98
1284,35,"그날, 바다",8.97
1285,36,스포트라이트,8.93
1286,37,해리가 샐리를 만났을 때,8.90
1287,38,담보,8.89
1288,39,바르다가 사랑한 얼굴들,8.89
1289,40,1917,8.86
1290,41,미스터트롯: 더 무비,8.85
1291,42,작은 아씨들,8.84
1292,43,다음 침공은 어디?,8.82
1293,44,미드웨이,8.80
1294,45,위플래쉬,8.79
1295,46,너의 이름은.,8.78
1296,47,소공녀,8.77
1297,48,"가장 따뜻한 색, 블루",8.77
1298,49,위로공단,8.76
1299,50,더 포스트,8.76
1300,1,극장판 바이올렛 에버가든,9.60
1301,2,부활: 그 증거,9.50
1302,3,원더,9.50
1303,4,포드 V 페라리,9.49
1304,5,주전장,9.48
1305,6,소년시절의 너,9.40
1306,7,죽은 시인의 사회,9.37
1307,8,"미안해요, 리키",9.32
1308,9,시네마 천국,9.32
1309,10,패왕별희 디 오리지널,9.32
1310,11,폴란드로 간 아이들,9.31
1311,12,허스토리,9.29
1312,13,자백,9.29
1313,14,인생,9.27
1314,15,공동경비구역 JSA,9.27
1315,16,우리들,9.26
1316,17,피아니스트의 전설,9.25
1317,18,어느 가족,9.20
1318,19,톰보이,9.20
1319,20,페이트 스테이 나이트 헤븐즈필 III.스프링 송,9.19
1320,21,파수꾼,9.18
1321,22,조조 래빗,9.16
1322,23,사랑의 블랙홀,9.15
1323,24,칠곡 가시나들,9.14
1324,25,나이브스 아웃,9.11
1325,26,타오르는 여인의 초상,9.06
1326,27,당신이 잠든 사이에,9.06
1327,28,노트북,9.05
1328,29,올드보이,9.05
1329,30,타샤 튜더,9.04
1330,31,박하사탕,9.03
1331,32,세상을 바꾼 변호인,9.03
1332,33,비긴 어게인,9.03
1333,34,싱 스트리트,9.02
1334,35,남매의 여름밤,8.99
1335,36,극장판 짱구는 못말려: 신혼여행 허리케인~ 사라진 아빠!,8.98
1336,37,윤희에게,8.98
1337,38,"그날, 바다",8.97
1338,39,스포트라이트,8.93
1339,40,해리가 샐리를 만났을 때,8.90
1340,41,담보,8.89
1341,42,바르다가 사랑한 얼굴들,8.89
1342,43,1917,8.86
1343,44,미스터트롯: 더 무비,8.85
1344,45,작은 아씨들,8.84
1345,46,다음 침공은 어디?,8.82
1346,47,미드웨이,8.80
1347,48,위플래쉬,8.79
1348,49,너의 이름은.,8.78
1349,50,소공녀,8.77
1350,1,극장판 바이올렛 에버가든,9.58
1351,2,포드 V 페라리,9.49
1352,3,주전장,9.48
1353,4,부활: 그 증거,9.48
1354,5,소년시절의 너,9.40
1355,6,"미안해요, 리키",9.32
1356,7,시네마 천국,9.32
1357,8,패왕별희 디 오리지널,9.32
1358,9,폴란드로 간 아이들,9.31
1359,10,허스토리,9.29
1360,11,자백,9.29
1361,12,인생,9.27
1362,13,공동경비구역 JSA,9.27
1363,14,피아니스트의 전설,9.25
1364,15,어느 가족,9.20
1365,16,톰보이,9.20
1366,17,페이트 스테이 나이트 헤븐즈필 III.스프링 송,9.19
1367,18,파수꾼,9.18
1368,19,조조 래빗,9.16
1369,20,사랑의 블랙홀,9.15
1370,21,칠곡 가시나들,9.14
1371,22,나이브스 아웃,9.11
1372,23,타오르는 여인의 초상,9.06
1373,24,당신이 잠든 사이에,9.06
1374,25,노트북,9.05
1375,26,올드보이,9.05
1376,27,타샤 튜더,9.04
1377,28,박하사탕,9.03
1378,29,세상을 바꾼 변호인,9.03
1379,30,비긴 어게인,9.03
1380,31,싱 스트리트,9.02
1381,32,온워드: 단 하루의 기적,9.00
1382,33,남매의 여름밤,8.99
1383,34,극장판 짱구는 못말려: 신혼여행 허리케인~ 사라진 아빠!,8.98
1384,35,윤희에게,8.98
1385,36,"그날, 바다",8.97
1386,37,스포트라이트,8.93
1387,38,해리가 샐리를 만났을 때,8.90
1388,39,담보,8.90
1389,40,바르다가 사랑한 얼굴들,8.89
1390,41,1917,8.86
1391,42,미스터트롯: 더 무비,8.85
1392,43,작은 아씨들,8.84
1393,44,다음 침공은 어디?,8.82
1394,45,미드웨이,8.80
1395,46,위플래쉬,8.79
1396,47,너의 이름은.,8.78
1397,48,소공녀,8.77
1398,49,"가장 따뜻한 색, 블루",8.77
1399,50,위로공단,8.76
1400,1,극장판 바이올렛 에버가든,9.54
1401,2,포드 V 페라리,9.49
1402,3,부활: 그 증거,9.48
1403,4,주전장,9.48
1404,5,소년시절의 너,9.40
1405,6,"미안해요, 리키",9.32
1406,7,패왕별희 디 오리지널,9.32
1407,8,폴란드로 간 아이들,9.31
1408,9,허스토리,9.29
1409,10,자백,9.29
1410,11,인생,9.28
1411,12,공동경비구역 JSA,9.27
1412,13,피아니스트의 전설,9.25
1413,14,어느 가족,9.20
1414,15,톰보이,9.20
1415,16,페이트 스테이 나이트 헤븐즈필 III.스프링 송,9.20
1416,17,파수꾼,9.18
1417,18,조조 래빗,9.16
1418,19,사랑의 블랙홀,9.15
1419,20,칠곡 가시나들,9.14
1420,21,나이브스 아웃,9.11
1421,22,타오르는 여인의 초상,9.06
1422,23,당신이 잠든 사이에,9.06
1423,24,노트북,9.05
1424,25,타샤 튜더,9.04
1425,26,박하사탕,9.03
1426,27,비긴 어게인,9.03
1427,28,세상을 바꾼 변호인,9.02
1428,29,싱 스트리트,9.02
1429,30,온워드: 단 하루의 기적,9.00
1430,31,남매의 여름밤,8.99
1431,32,극장판 짱구는 못말려: 신혼여행 허리케인~ 사라진 아빠!,8.98
1432,33,윤희에게,8.98
1433,34,"그날, 바다",8.97
1434,35,스포트라이트,8.93
1435,36,해리가 샐리를 만났을 때,8.90
1436,37,담보,8.90
1437,38,바르다가 사랑한 얼굴들,8.89
1438,39,1917,8.86
1439,40,미스터트롯: 더 무비,8.85
1440,41,작은 아씨들,8.84
1441,42,다음 침공은 어디?,8.82
1442,43,미드웨이,8.80
1443,44,위플래쉬,8.79
1444,45,너의 이름은.,8.78
1445,46,소공녀,8.77
1446,47,"가장 따뜻한 색, 블루",8.77
1447,48,위로공단,8.76
1448,49,더 포스트,8.76
1449,50,벌새,8.75
1450,1,극장판 바이올렛 에버가든,9.54
1451,2,포드 V 페라리,9.49
1452,3,부활: 그 증거,9.48
1453,4,주전장,9.48
1454,5,소년시절의 너,9.40
1455,6,"미안해요, 리키",9.32
1456,7,패왕별희 디 오리지널,9.32
1457,8,허스토리,9.29
1458,9,인생,9.28
1459,10,공동경비구역 JSA,9.27
1460,11,피아니스트의 전설,9.25
1461,12,어느 가족,9.20
1462,13,페이트 스테이 나이트 헤븐즈필 III.스프링 송,9.20
1463,14,톰보이,9.20
1464,15,파수꾼,9.18
1465,16,조조 래빗,9.16
1466,17,사랑의 블랙홀,9.15
1467,18,칠곡 가시나들,9.14
1468,19,나이브스 아웃,9.11
1469,20,타오르는 여인의 초상,9.06
1470,21,당신이 잠든 사이에,9.06
1471,22,노트북,9.05
1472,23,타샤 튜더,9.04
1473,24,박하사탕,9.03
1474,25,비긴 어게인,9.03
1475,26,세상을 바꾼 변호인,9.02
1476,27,싱 스트리트,9.02
1477,28,남매의 여름밤,8.99
1478,29,윤희에게,8.98
1479,30,"그날, 바다",8.97
1480,31,스포트라이트,8.93
1481,32,해리가 샐리를 만났을 때,8.90
1482,33,담보,8.90
1483,34,바르다가 사랑한 얼굴들,8.89
1484,35,미스터트롯: 더 무비,8.85
1485,36,작은 아씨들,8.84
1486,37,다음 침공은 어디?,8.82
1487,38,미드웨이,8.80
1488,39,위플래쉬,8.79
1489,40,너의 이름은.,8.78
1490,41,소공녀,8.77
1491,42,"가장 따뜻한 색, 블루",8.77
1492,43,위로공단,8.76
1493,44,더 포스트,8.76
1494,45,벌새,8.75
1495,46,우리집,8.72
1496,47,귀여운 여인,8.70
1497,48,귀향,8.69
1498,49,마미,8.68
1499,50,그을린 사랑,8.68
1500,1,극장판 바이올렛 에버가든,9.53
1501,2,포드 V 페라리,9.49
1502,3,주전장,9.48
1503,4,부활: 그 증거,9.46
1504,5,소년시절의 너,9.40
1505,6,"미안해요, 리키",9.32
1506,7,패왕별희 디 오리지널,9.32
1507,8,허스토리,9.29
1508,9,인생,9.28
1509,10,피아니스트의 전설,9.25
1510,11,페이트 스테이 나이트 헤븐즈필 III.스프링 송,9.20
1511,12,톰보이,9.20
1512,13,파수꾼,9.18
1513,14,조조 래빗,9.16
1514,15,사랑의 블랙홀,9.15
1515,16,칠곡 가시나들,9.14
1516,17,나이브스 아웃,9.11
1517,18,타오르는 여인의 초상,9.06
1518,19,당신이 잠든 사이에,9.06
1519,20,노트북,9.05
1520,21,타샤 튜더,9.04
1521,22,박하사탕,9.03
1522,23,비긴 어게인,9.03
1523,24,세상을 바꾼 변호인,9.02
1524,25,싱 스트리트,9.02
1525,26,온워드: 단 하루의 기적,9.00
1526,27,남매의 여름밤,8.99
1527,28,윤희에게,8.98
1528,29,스포트라이트,8.93
1529,30,해리가 샐리를 만났을 때,8.90
1530,31,담보,8.89
1531,32,바르다가 사랑한 얼굴들,8.89
1532,33,1917,8.86
1533,34,미스터트롯: 더 무비,8.85
1534,35,작은 아씨들,8.84
1535,36,다음 침공은 어디?,8.82
1536,37,미드웨이,8.80
1537,38,위플래쉬,8.79
1538,39,너의 이름은.,8.78
1539,40,소공녀,8.77
1540,41,"가장 따뜻한 색, 블루",8.77
1541,42,위로공단,8.76
1542,43,우리집,8.72
1543,44,귀여운 여인,8.70
1544,45,귀향,8.69
1545,46,마미,8.68
1546,47,잠수종과 나비,8.65
1547,48,69세,8.63
1548,49,퐁네프의 연인들,8.62
1549,50,라라랜드,8.61
